Glottocode,Family_ID,GPGLMM_Latent_Mean,GPGLMM_Latent_Variance
abee1242,atla1278,-2.0315057937027845,1.7405720911511366
abkh1244,abkh1242,-9.147353721767848,84.78987233422377
abun1252,abun1252,-8.747767503448868,83.97728171325583
achi1257,aust1307,1.753641724716401,1.3680241470555785
acha1250,araw1281,-2.1810928552104416,2.331450150707994
achi1256,maya1287,1.568242412401753,1.0412406696714245
achu1248,jiva1245,-8.052062981948911,78.54057694512036
acol1236,nilo1247,3.4626926686975867,7.694144578810452
adan1251,timo1261,-8.606569988684509,83.17218479223668
adon1237,aust1307,-0.979531048592178,0.6605740458552987
adze1240,aust1307,-2.875406316191892,0.910098249943374
afar1241,afro1255,-2.4387465618619717,1.7895468656479778
aghe1239,atla1278,1.517708882600644,0.4280379426305529
aghu1255,nucl1709,-10.655854481722049,77.0930266629278
agob1244,paho1240,-8.955872463856096,83.81582936451618
agua1253,jiva1245,-8.126939447838419,78.52050273627616
agut1237,aust1307,-0.5931540681411578,0.7977876268134594
aime1238,bosa1245,-10.814779374274,85.20958974538742
ayiw1239,aust1307,0.8218573696831264,0.7856706055525677
ajab1235,atla1278,-0.6357479743796564,0.8285751497302414
ajas1235,kres1240,2.884464159171742,9.092059498602993
ajie1238,aust1307,0.3710223676938593,0.5200011575335282
ajyi1238,araw1281,-2.68800077694336,2.330724916797763
west2635,maya1287,2.192066842369652,0.9260390198068648
akha1245,sino1245,-5.241148684346384,2.066403787015659
akoo1248,atla1278,1.0065768463438811,0.529594559285826
alab1254,afro1255,-2.940535486687735,1.4408705759424834
alab1237,musk1252,-8.824309430527878,78.89778513774004
alac1244,otom1299,2.13285383301424,0.861299693233704
alag1248,afro1255,2.1941254841847293,1.242943639161297
aleu1260,eski1264,-7.879207559247011,77.98807438725345
alor1247,aust1307,-1.4317368675343136,0.7572029892170065
aluk1238,drav1251,-10.310868581683732,81.53330032810135
alya1239,pama1250,-3.520927204992668,3.072706473172744
amah1246,pano1259,-8.435703715669376,62.36828204999728
amam1246,kuni1270,-10.115563162464564,84.10495887982944
amap1240,left1242,-8.622637586518792,83.80259370904382
amar1274,hara1260,-7.676892543872286,83.26429403891146
amdo1237,sino1245,-4.364977346383549,3.5908204010438
amii1238,west2434,-10.335398305096126,85.81414102170037
amis1246,aust1307,-0.8013134696638886,0.7152097678188625
hoaa1235,kxaa1236,-6.813669192590001,78.01343590740996
gily1242,nivk1234,-9.433844211332673,86.7222360669293
anei1239,aust1307,0.8896171465710765,0.7348297431325364
anfi1235,gong1255,-8.43528238675413,79.65497186411386
anga1288,sino1245,-4.189820452467591,2.057356699367972
ango1257,chib1249,-8.03727731703042,49.72386444090202
wara1294,more1255,-8.863172687495453,82.8613519407718
anta1255,aust1307,-0.7140337975742765,1.9944927938070407
anuu1241,sino1245,-5.9335478647234,2.5824460636314512
anut1237,aust1307,0.0107917778290564,1.056697441208442
aona1235,sino1245,-4.195517566359318,2.1313738403605527
aoua1234,taik1256,-0.6737008243523634,2.059792348873117
apin1244,nucl1710,-8.038718999268252,72.18662308339213
apma1240,aust1307,0.4869945988618074,0.3362765669886443
apur1254,araw1281,-2.2654283024783206,2.3814628682441
arak1252,aust1307,1.069914910202197,0.3800221395957379
arao1248,pano1259,-7.620862041010858,62.20923653245696
arap1274,algi1248,-9.018730899128728,68.95030187026322
arbo1245,afro1255,-0.9583347797828496,0.965648456335444
arch1244,nakh1245,-9.314463474920272,61.94723185484866
aree1239,aust1307,-2.616138129529478,1.0721641731151124
area1240,aust1307,0.7540620525504806,0.4774262408816412
argo1244,afro1255,-2.824985719608536,1.639744421691674
arhu1242,chib1249,-6.998452638882751,49.19183059159126
arig1246,atla1278,1.2925011141947014,0.8203428236738262
arop1243,aust1307,-2.582440717947952,0.821774375999297
arop1242,aust1307,-1.141892771591226,1.1433316899272796
aros1241,aust1307,0.7300075717052881,0.6230379577497871
arta1239,aust1307,0.7577690033578008,0.4943607196560435
ashe1272,araw1281,-2.6540606955592425,2.318847504040136
asoa1238,cent2225,-0.0603744725637502,0.8618486132279912
assi1247,siou1252,-3.007451184815494,3.927417514428228
asut1235,atla1278,2.2490016681243308,1.0056179391529696
athp1241,sino1245,-7.412490454357698,2.973417487138434
atii1237,aust1307,-0.5215624662928322,0.7742492769618252
aton1241,sino1245,-4.797992549001289,2.3889122861489938
auuu1241,nucl1708,0.9798071852459778,1.347339475710157
auye1238,nucl1709,-10.77471385972822,76.48828237503098
katb1237,aust1307,0.8118784561638943,0.2694789435510074
avok1242,cent2225,-0.0787336734441641,0.6720076115017406
awad1244,aust1307,-2.696371710890814,0.8494211316774596
awar1249,ramu1234,-10.716993653172072,84.54134229424326
awar1248,nucl1709,-10.09669792208246,76.1345469464056
awet1244,tupi1275,-7.945544362876278,66.94528291088892
awji1241,afro1255,2.1807292581312883,2.299384242438407
axam1237,aust1307,0.7366547524519564,0.2858024180030156
ayac1239,quec1387,-9.680205868864835,80.04730386856338
baba1264,atla1278,1.649385267714111,0.4288209217031351
baba1266,atla1278,1.6233052131335146,0.4354070149530855
bafa1247,atla1278,1.1323934363003758,0.5803156772622202
bafi1243,atla1278,1.948695220740385,0.6389956265072811
bafu1246,atla1278,1.572375668836413,0.4292377896890542
baga1272,atla1278,-1.1583219756642773,1.1264595511994742
bagi1246,cent2225,2.058221338237429,1.2531024139389473
bagv1239,nakh1245,-7.668094960947013,61.90204036031737
bahn1262,aust1305,3.026931784385317,1.4217994914373548
baik1238,aust1307,-1.4094282420546582,0.8048538863798882
baim1244,sino1245,-5.8439236977026825,3.4598892516974478
baka1272,atla1278,2.812939606774812,1.2723549503700582
baka1274,cent2225,0.2287483684030942,0.7139824367931737
bala1316,aust1307,0.2422661991363668,0.638495286553848
bala1311,aust1307,1.5793106561430257,0.9775934951763076
bala1315,aust1307,0.8940603449160509,1.085673395992373
bali1278,aust1307,1.9493590637572389,1.6085086177073435
liki1240,atla1278,3.031546434838079,0.9510499020321248
bamb1270,aust1307,1.8236312153226424,1.1672170560471784
bamu1253,atla1278,1.6896353501001773,0.5411180611153128
bamw1238,atla1278,3.0002706139037816,0.9291231881819328
band1344,atla1278,2.479778970345926,1.20867636804509
bang1369,sino1245,-6.191071101497551,2.5738256380208355
bant1281,sino1245,-7.456904635176642,3.039059789249208
bara1357,sino1245,-7.485969931980765,3.5065309130195743
nucl1630,koia1260,-9.897485837452384,84.14312135689549
bara1380,tuca1253,-10.042457074597856,76.67634498217379
bare1276,araw1281,-2.7096826034818564,2.237495164166063
bari1286,aust1307,-2.2261086684542235,0.7579091181172686
baro1253,aust1307,-0.3093849049932542,0.5001940002167942
bash1264,turk1311,-9.838781851347855,66.96262035091037
basq1248,basq1248,-8.484561523776811,84.45753107039717
bata1289,aust1307,1.8430762750525196,1.379835615531576
bata1285,atla1278,2.211568476132252,1.148981136262222
bats1242,nakh1245,-7.684578750112043,61.91206344096756
baur1253,araw1281,-1.4336635810987008,1.8830935265838773
bebe1248,atla1278,2.225707636153041,0.9049195120029624
beem1239,atla1278,1.3807761974539705,1.2745941873673274
bela1254,indo1319,-2.755031131094877,2.479593941828085
nyal1254,aust1307,0.0102778753072252,0.8498427781207454
beli1257,cent2225,0.8697613846678145,0.9185169036217644
bell1243,sali1255,0.9104933878725509,1.869513717381608
bemb1257,atla1278,1.0555385402420168,1.1558518375086777
beng1282,atla1278,2.233753009933793,1.2016408330128598
bent1238,dogo1299,-8.548184682351863,81.26380140528484
zagh1240,saha1256,-1.704241986074246,2.913912117939745
bert1248,bert1248,1.9921521701908735,8.52509094739446
bezh1248,nakh1245,-9.333594847240969,61.86353209859919
bhoj1244,indo1319,-5.2215283147120495,2.896310035524678
biao1254,hmon1336,-8.357559663994444,66.10870677324152
biao1256,hmon1336,-8.360343642948507,66.05598499201889
bier1244,aust1307,0.3007348132668035,0.3131712988238178
bign1238,aust1307,1.0640334916692584,0.2928567627924678
biha1246,aust1307,1.379350867876866,1.3169631574835563
bilb1241,aust1307,-2.5470103808964613,0.8805079681020089
bili1260,afro1255,-0.5740984831332661,1.53286234883997
bimi1240,nucl1709,-10.688673830750895,76.78255664068567
bini1246,atla1278,0.7718517977710135,0.8354243917228388
gunw1252,gunw1250,-8.710531271299022,82.44776075685654
birr1240,cent2225,0.020835275923666,1.0646409221171351
bisu1244,sino1245,-5.213973455689433,2.075879328375379
bitt1240,aust1305,2.42843806623806,1.057611398515235
biwa1243,yuat1252,-8.910271861602078,83.9189246948824
blab1237,aust1307,0.3148512750355223,0.4950956146441996
blan1242,aust1305,2.6147129671045644,1.1686921388470637
bang1354,atla1278,2.794184849479304,1.331494326537026
bobo1255,aust1307,1.412928374702492,1.0464878635878847
bodo1269,sino1245,-6.159619379644868,2.2413962020840046
bola1250,aust1307,-1.2964885500947032,0.6627991078327256
chim1302,quec1387,-9.58253376636896,80.47135208003164
bolo1262,atla1278,3.047128876533096,1.0605078395586105
boly1239,aust1305,2.198411046914641,1.6428125784557466
bomb1262,atla1278,3.092870763686985,0.961995502986852
bomk1234,atla1278,-1.454372138966626,1.1770576156500567
bona1250,mong1349,-9.4992445147129,83.9339274739605
bong1289,aust1307,1.7945781260291884,1.24772894231279
bong1285,cent2225,1.165595527726108,1.1424505448383826
bora1263,bora1262,-8.169891495680595,84.70810718072761
bord1248,chib1249,-7.634440305220391,49.56126696600967
boro1277,gong1255,-8.373895326031356,79.81765583961841
boro1282,boro1281,-7.46547301897733,82.61128766615184
boto1242,aust1307,0.248419820030147,0.6910898446743516
boun1243,atla1278,-2.300619685929618,1.2384013929320616
boun1245,nucl1709,-11.159757391914424,76.53680679039276
brah1256,drav1251,-7.997200759086738,81.08948182807305
bret1244,indo1319,0.4689611819797878,1.448742471035274
brib1243,chib1249,-7.485271662424997,49.49548267393235
bube1242,atla1278,1.6753488733291544,0.8362877456549427
budu1248,nakh1245,-9.112119575253288,62.11928162518248
budu1265,afro1255,2.93967377247308,1.2414567421280225
budz1238,atla1278,1.5211768762007107,0.911718592742602
buga1247,aust1305,2.173567838072936,1.48728312534665
buga1250,aust1307,-2.8862546813563084,0.8511539440804086
bugh1239,aust1307,0.3615713088677399,0.4765545046818289
bugi1244,aust1307,1.695878485226972,1.1483188408927845
bugl1243,chib1249,-7.57207999611475,49.542407900617626
bujh1238,sino1245,-7.560452406429099,3.5284036069381983
bull1247,atla1278,-0.9066628700063628,1.0971853089088055
bulo1242,aust1305,3.847964184516197,1.6091027447662043
bulu1251,atla1278,2.414563945720092,0.9540312080604708
bumt1240,sino1245,-4.876331222124975,2.701879062079499
gahr1239,sino1245,-5.474141141657855,4.3648605657820525
bund1253,indo1319,-3.62865413567394,2.8146502519100665
bura1292,afro1255,1.8712230767575464,0.6652031829007115
bure1242,afro1255,1.7886406356157083,0.737739317790016
burj1242,afro1255,-2.5836201427314247,1.358727874486732
nucl1310,sino1245,-5.689097552866556,2.6071035634628714
buru1320,afro1255,2.149871692343577,1.2274745100246065
buru1296,buru1296,-8.565675717656111,85.17573040706675
busa1253,mand1469,-7.081637043277916,79.29455809976326
bush1247,atla1278,1.8212828834199597,1.5864020954500688
buwa1243,afro1255,2.275711491809423,0.6079929506495318
bwat1240,aust1307,0.1868558977003669,0.5686244969578382
byan1241,sino1245,-5.733782798570131,4.084279677449203
caac1237,aust1307,0.3771581229515579,0.5926336359904383
cahu1264,utoa1244,-2.977648595744272,2.888527418688213
cakf1236,afro1255,1.4502673261581602,0.6953822055304357
caml1239,sino1245,-7.436858065223463,3.104911516587393
camp1261,indo1319,-1.539433837847139,1.6867048923152763
cane1242,nucl1710,-8.050298178168951,72.24734396224248
caom1238,taik1256,-1.061463920110146,1.9989394091531525
capa1241,pano1259,-10.234597386791066,62.759005335545176
carn1240,aust1305,2.777866228592164,2.463701932686334
caro1242,aust1307,-0.3496604753605616,1.509319965250242
cash1251,pano1259,-8.592380992920166,62.54932534801321
stan1289,indo1319,-1.3159282110230637,1.7994880141074674
cavi1250,pano1259,-7.318374678381514,62.111387902636935
cemu1238,aust1307,0.4481509220122213,0.5553617415718719
cent2127,eski1264,-7.867970217310311,77.98541482165335
cent2004,sino1245,-5.548319865355763,2.244048098323759
cent2292,aust1307,0.7812997172395804,0.4567924796496925
cent2314,aust1305,1.973723822649472,1.5505158422689505
cent2050,saha1256,-0.5147705971858549,2.0493560611354127
cent1989,aust1305,3.8544953142327447,1.6254465702641738
mala1479,aust1307,1.0536891057597888,1.322442138723929
cent2322,ural1272,-9.97182787819268,64.54153032488301
cent1992,aust1305,3.674960949114654,1.4797812085483455
cent1990,aust1305,3.012672879637332,2.4235682426257483
cent2090,aust1307,-0.5218358819542779,0.8580036131066748
cent2131,utoa1244,-2.385701104593359,1.5279596304673646
cent2150,chib1249,-7.941848391921268,49.69689302583247
mbal1255,atla1278,-0.0898904136587681,1.5794370486959792
chac1251,pano1259,-7.55684239526704,62.1970915509954
chad1249,afro1255,2.643152714145721,1.592048172817016
chak1270,sino1245,-6.0630211934932445,2.6592992125864185
chak1271,atla1278,-2.1948183067853613,1.0295259871886344
chal1275,afro1255,1.4464258632213536,1.3125775675492548
cham1309,nakh1245,-9.375711724397233,61.92738301719729
cham1312,aust1307,0.3795248550193193,1.3873205856835966
chan1313,sino1245,-5.844610681127399,2.1679942394979577
chas1234,sino1245,-5.524799179934131,2.216593970179801
chec1245,nakh1245,-9.467236956305042,62.20956824496227
chek1238,aust1307,0.2654339074002845,0.4825620214272419
chen1255,drav1251,-11.05078619383012,81.0328589664954
chep1245,sino1245,-7.574745659151511,3.4332851793955115
cher1273,iroq1247,-7.27821500938169,78.64268829010354
chey1247,algi1248,-8.936461194883773,68.9872743205291
chil1280,atha1245,-7.406140934210946,75.10482189960508
chhi1245,sino1245,-7.424712002304642,2.999108510378548
chip1261,atha1245,-8.235162372750468,75.60389152470208
chip1241,algi1248,-7.815099845382965,69.02481184358304
choc1276,musk1252,-8.777798602494446,78.83521605630156
chon1284,aust1305,3.7077278809661607,1.5656003896664572
chot1239,sino1245,-5.743709047498327,2.0554993383289144
chra1242,aust1305,2.3289595741907814,1.8196548088069449
chuj1250,maya1287,2.223215497262151,0.9490312281871668
chuk1273,chuk1271,-9.50809682442803,86.7735063883884
chuv1255,turk1311,-10.047610678159211,66.72281404148978
chuw1238,atla1278,2.029880490642947,1.6689160993462195
cici1237,atla1278,1.603148848224782,1.1486066364644785
sout2912,aust1307,-0.7204495348068622,1.0807257725291066
coat1243,otom1299,2.531757615308697,0.8599460390161084
coca1259,tupi1275,-8.443548819327972,67.03519073237436
cogu1240,chib1249,-6.992976984735408,49.19980206507505
colu1241,sali1255,-0.8292933069973225,1.5704008767039142
coma1245,utoa1244,-2.12672591191852,2.700205636241406
como1259,sali1255,0.2062332675749942,1.3698615719287517
cong1236,atla1278,0.8444400099242468,1.1436245740966626
copa1237,otom1299,2.254665968028444,0.7301562411081761
cors1241,indo1319,-1.6704164808690765,1.5209784533815736
cosa1234,sino1245,-5.2427415686531535,2.077317486660661
cree1270,musk1252,-6.977241766805903,78.7692763988848
crim1257,turk1311,-9.676973839840954,66.458157235819
cros1244,atla1278,1.253009523134201,0.6477952163151741
crow1244,siou1252,-3.1108461377984438,4.145097122160976
cube1242,tuca1253,-8.31310167521962,76.63183360667928
culi1244,araw1282,-8.024728244616323,83.88375721317651
cypr1248,afro1255,1.6019937730881535,1.713738861165254
czec1258,indo1319,-2.5557686953448577,2.109480434263446
daai1236,sino1245,-5.722362168422268,2.6416504949080064
daas1238,afro1255,-0.6726498399952874,1.0194000042838385
dagb1246,atla1278,-1.818022210611952,0.9921951824101144
dagi1241,narr1279,2.8897062025985267,8.74518524506631
daka1243,aust1307,0.4976885772572874,0.284741652183925
damp1237,aust1307,1.920768057376348,1.1443078672594424
dana1252,aust1305,0.9385894743996754,1.2413433568512031
dani1285,indo1319,-2.448549991441344,2.289342253724186
dara1250,indo1319,-5.076841048387912,3.0701022431206724
darm1243,sino1245,-5.759099052074895,4.083219571354974
daww1239,nada1235,-8.312376000560825,82.72263439740091
dawr1236,gong1255,-9.246632602947567,79.42133197443293
daza1242,saha1256,-1.228310909671717,2.059410374964173
dege1246,atla1278,1.4617842292908794,0.7951706789151558
dera1248,afro1255,1.347477534792235,0.655577745925271
desa1247,tuca1253,-8.388904586474993,76.61010184499881
dhao1237,aust1307,-0.0087746806952857,0.8266186928531312
dhar1247,pama1250,-4.886521112024264,3.483546405530106
dhim1246,sino1245,-7.199476838033519,2.842390875720156
dhuw1249,pama1250,-3.6199900485125056,3.1765562692097262
dibo1245,atla1278,3.0942762220611506,1.2024591910020064
dier1241,pama1250,-5.299693541578289,3.609681808638968
digo1243,atla1278,2.025050586216784,1.169997331049032
dima1251,sino1245,-5.904441457874997,2.068901134652677
djee1236,mani1293,-8.665079663561269,84.7799807976525
djin1253,pama1250,-3.7484483218061344,3.242734861001722
dobu1241,aust1307,-2.4415805819395224,1.0741139066339116
domm1246,nucl1709,-11.433692398825771,76.39254594933347
dong1285,mong1349,-9.420591595971915,83.96739256406033
doro1266,manu1261,-9.890400781492716,84.51625454266409
drun1238,sino1245,-5.834807697013641,2.488208947417405
dumb1241,aust1307,0.436467396135777,0.7277297617099094
dupa1235,aust1307,1.0600880175850715,0.6761189676127088
duru1236,drav1251,-10.08207827330446,80.34640382968792
dusn1237,aust1307,-1.4165127665038373,1.0092289168531323
dutc1256,indo1319,-1.822553208096342,1.7031282021868464
dyir1250,pama1250,-5.172813815984238,2.936058607160632
dzao1238,hmon1336,-8.40972094062438,66.10139946490449
dzon1239,sino1245,-6.850611243277912,2.822158385792463
east2443,aust1307,0.7609888830829092,0.3997942043555866
tang1336,sino1245,-4.056160925918312,2.0287859134291324
nucl1235,indo1319,-1.144393294414579,1.7730616323979973
east2379,pama1250,-3.656414255264697,3.1037229764894363
east2555,tupi1275,-7.27662456554157,66.57591233641386
east2332,aust1305,2.4441433897424663,1.1922256219192209
east2690,afro1255,1.92808521658184,1.7458897896966477
east2342,sino1245,-3.511451232610388,2.149636664373105
east2782,atla1278,1.777768127986123,1.3582559528768172
east2328,ural1272,-8.413048963167594,63.93705401188387
east2773,sino1245,-7.522615885444583,3.2437977444450894
panj1256,indo1319,-3.0195550632367816,2.8967776324899432
fina1242,aust1307,0.6779576568086156,0.4458128456077475
east2447,aust1307,-1.236548975925757,1.5885560268715864
east2516,nucl1709,-11.196415181765843,76.62826601651446
huaa1248,tuuu1241,-7.006604549799296,79.54254982035629
wall1257,aust1307,-1.0880352807542426,1.4130925408121016
egyp1253,afro1255,2.0790776272285303,1.8869114517773085
eipo1242,nucl1709,-10.530907461594104,76.80033804245576
elem1253,atla1278,1.5648316338059285,0.6868123092267808
elip1238,atla1278,2.0265781382333063,0.6873748289094976
emae1237,aust1307,0.4142447648493199,0.3979370846552257
emai1241,atla1278,1.1148496519872246,0.7928105793788376
embe1260,choc1280,-8.706379779539837,79.82288137516194
embe1262,choc1280,-7.432189598277082,79.79721597334174
stan1293,indo1319,-0.7524127748814387,1.480842097518121
enuu1235,sino1245,-5.264650679663758,2.1277247180879755
epen1239,choc1280,-9.149886315596651,79.9217740347858
ersu1241,sino1245,-4.1791928989707685,2.653527627281292
erzy1239,ural1272,-8.291075584745991,64.08798570773038
esee1248,pano1259,-7.711369164308501,62.248901168487976
esim1238,atla1278,1.484155501907967,0.473580900295218
esto1258,ural1272,-9.02005514046158,63.56786204507576
even1260,tung1282,-7.88414124169714,81.62504748558113
even1259,tung1282,-9.59197231981378,81.8300524446258
ewee1241,atla1278,-1.1483729535054383,0.9952428539891258
fare1241,atla1278,-1.6766830382329143,1.0399040705861609
faro1244,indo1319,-1.559942707418898,2.4036625915714467
fasu1242,fasu1242,-9.267082636236385,84.56729417755986
fiji1243,aust1307,-0.1820501705229453,1.3169361847953098
finn1318,ural1272,-8.747895368067109,63.99446675786528
fonn1241,atla1278,-0.595996357331634,0.8266702033657225
fore1265,ural1272,-9.903273769121528,64.73138117926128
fran1266,mixe1284,-5.4747738807002175,50.54297452915258
stan1290,indo1319,-0.2020886393638896,1.4412382812431872
fuln1247,fuln1247,-7.9202661187467935,84.62123087262138
furr1244,fura1235,-5.861492730694817,69.05032562907004
furu1242,cent2225,1.6832017575353593,1.2218231472412953
futu1245,aust1307,0.5698757944713186,0.7304462863149297
fuyu1242,fuyu1242,-10.021752771070634,84.4656930217068
gaan1243,afro1255,1.8633869192124648,0.6421929811312879
gade1242,atla1278,1.7551169639008517,0.7919578948027066
gaga1249,turk1311,-8.11526264016309,66.21000516651718
gali1262,cari1283,-8.226304263344627,72.00062601211275
gali1258,indo1319,-1.25260910953007,1.7587266630276588
gamo1243,gong1255,-10.94488050727164,79.34759727051774
gand1255,atla1278,1.328083170217095,0.944138124429088
gant1244,nucl1709,-11.261317466096305,76.33958076389597
gapa1238,aust1307,-2.6439040442820554,1.0992474043404885
gata1239,aust1305,-0.5910921038361749,1.6431020315229006
gayo1244,aust1307,1.7586149076699726,1.3228239040159622
geba1237,sino1245,-3.5303778297643964,2.260856075787516
geda1237,aust1307,-2.533650452024172,0.8767432095822443
gela1263,aust1307,0.8127459346825905,0.4594437179075044
nucl1302,kart1248,-7.404057615810265,77.82224495855257
ghad1239,afro1255,1.814694763817636,2.22780224538991
ghan1242,aust1307,-0.3865643681310367,0.6799559666024919
ghar1239,aust1307,0.8412397161159735,0.5276098092531214
gheg1238,indo1319,-1.8777748963884775,1.4890222070242345
ghom1257,afro1255,1.507186234410467,1.877732075978642
gilb1244,aust1307,-0.8745462945414655,1.8688079069462875
glav1244,afro1255,2.6907641498259256,0.6698119769865514
gobu1238,atla1278,2.7171610257487284,1.071455489934607
ghod1238,nakh1245,-7.704984998979205,61.98184379387244
gogo1265,suki1244,-10.830167782423272,85.34889585159367
gola1255,atla1278,-1.6419948559768756,1.5364191527500992
pare1266,aust1305,-2.1450234401058603,1.7393559210034368
guah1255,guah1252,-9.37137538430376,85.90204189301892
guat1253,guat1253,2.077674469709404,9.055575686849409
gube1234,atla1278,-0.5936241702179554,1.3608055956823506
gude1246,afro1255,2.091181622093389,0.6138898573056082
guer1243,otom1299,2.2558843713041306,0.8023397106975096
guiq1238,sino1245,-4.251546771428761,2.7742820713714025
gulf1241,afro1255,2.3732490746727883,1.9739317998036228
guma1254,aust1307,-2.452126473312223,1.031547774346507
guny1241,pama1250,-3.6287346107357097,3.2833036998797382
gura1251,indo1319,-0.3949432686085732,1.3265797185405577
guru1261,sino1245,-7.494326580124802,3.181516826706968
guru1271,afro1255,1.5227187765216978,0.6642746428607751
gusi1247,atla1278,1.737367045147236,1.0852987460935992
kwam1249,koma1264,1.9973118283267528,8.554422741684945
gyel1242,atla1278,2.238347816931647,0.975189760371748
haaa1252,atla1278,0.5777472995347974,1.035987735256512
hadi1240,afro1255,-2.9220789708022386,1.4244351860962752
hadz1240,hadz1240,-6.143513482719453,71.89474533981463
haka1240,sino1245,-5.9553916335844,2.3324213089153147
hakk1236,sino1245,-4.057726418381811,3.399547394894185
halh1238,mong1349,-9.453284609117873,84.47239930576615
hali1244,aust1307,-0.7539271743609373,0.6379916280568096
halk1245,sali1255,0.6972843026962394,1.07480561255052
hame1242,sout2845,-8.939358341072904,83.83011281199425
hang1263,nduu1242,-8.58529142268577,83.18934381397703
hani1248,sino1245,-5.354976626674822,2.251218927597776
hano1246,aust1307,0.6270954753643476,0.3977871054021022
haru1245,piaw1238,-9.2777799832553,83.5081536762208
hass1238,afro1255,0.7861036868237328,1.8123233614136185
remo1247,aust1307,-1.8950745715459627,0.8164420368437817
hava1248,coch1271,-8.880945327221555,84.56554184613616
hawa1245,aust1307,0.6735889327082294,2.183017067875383
sabu1255,aust1307,0.4907295980742656,0.8521606406562512
hehe1240,atla1278,1.364493569812092,0.8619642263292491
here1253,atla1278,1.0245302944414494,1.5359396273972408
hida1246,siou1252,-1.204198437596851,2.777414558595737
high1243,toto1251,0.5277090622517537,1.4879057224193843
hind1269,indo1319,-3.453051103537885,2.810465587359573
hixk1239,cari1283,-8.194113315915363,72.33712592420054
hooo1248,aust1305,-0.2099832863922239,1.5227968056403969
hoav1238,aust1307,0.3778707359446294,0.5021023690911051
ainu1240,ainu1252,-9.373946304211517,86.6715492773696
holo1240,atla1278,0.3860279967159368,1.0517181476708115
hone1235,atla1278,1.4458289577752073,0.7087305540921705
hopi1249,utoa1244,-3.046866953032363,2.695887244890457
hual1241,quec1387,-8.313701107710955,79.77423671356885
huam1247,jiva1245,-8.063519014567564,78.51821257630746
huar1255,utoa1244,-2.6457434211662063,1.5626491733599297
huas1242,maya1287,0.5304482246571744,1.8783740576420345
huba1236,afro1255,2.093262658289426,0.6197359175692583
huic1243,utoa1244,-0.56377037417833,1.1348029837684948
hula1244,afro1255,1.9554431506713603,1.7425590233176536
huli1244,nucl1709,-9.248052784202574,76.74241890364107
humb1243,song1307,-8.402783382198368,76.38562718958974
hung1275,aust1305,2.133188068513622,1.1832913118987562
hung1274,ural1272,-8.756534837162326,63.44708328278981
hunz1247,nakh1245,-9.334620568799558,61.86147899643103
hupd1244,nada1235,-9.983946848078505,82.67026885194879
hyam1245,atla1278,1.869416633735728,0.7542629860041643
iaai1238,aust1307,0.4873242049013324,0.6157511233594022
iatm1242,nduu1242,-10.469676304224642,83.21602092044895
ibal1244,aust1307,0.3982856161219441,0.4665964356799463
iban1264,aust1307,2.6094954236115573,1.6564582488305746
iban1267,aust1307,1.0785556298723602,0.6096569074627638
ibat1238,aust1307,1.142471557423967,0.9097274080047127
ibib1240,atla1278,1.4188605312376836,0.654354584020993
idii1243,paho1240,-8.972228669673175,83.81178814665354
idum1241,sino1245,-6.067273120561673,2.813228181010245
idun1242,aust1307,-2.5833813926299127,1.0217134786260544
nucl1417,atla1278,1.5789824566860684,0.7106934592106882
ikkk1242,kuli1252,-7.880546065003902,82.40986016040014
ilaa1246,atla1278,1.0671800732463463,1.1036947461182225
iliu1237,aust1307,-1.680049171347009,0.8599466244504583
ilon1239,aust1307,0.7166786355676766,0.4765662316851404
imba1240,quec1387,-9.493615774429262,80.46427173266434
ingr1248,ural1272,-8.826933574813463,63.81954564245152
ingu1240,nakh1245,-9.454702043968869,62.154577939457255
irar1238,aust1307,-1.6790566932123,1.091442113101266
iris1253,indo1319,0.4087092812101609,1.6232706937176289
irul1243,drav1251,-10.541184497331814,81.35585577812695
isco1239,pano1259,-8.572163468249835,62.61184764221777
isin1239,aust1307,0.5332187709449485,0.442512282509611
isir1237,kwer1242,-8.709330586337586,83.5235179985281
isna1241,aust1307,1.1526734235215184,0.7386244465555762
isth1240,utoa1244,0.8842649082347922,1.1865597149865863
isth1242,utoa1244,0.959743169981648,1.1912203172393134
ital1282,indo1319,-0.9400600131059766,1.4362469831063862
iton1250,iton1250,-7.085877403995736,80.49498072356016
itza1241,maya1287,1.9464738779175832,1.310549834890864
iumi1238,hmon1336,-7.402955772784092,65.66841041069992
iwal1237,aust1307,-2.962621012165377,0.93398870353262
iwam1256,sepi1257,-8.687990821124538,83.65453840934846
iyoo1238,nucl1709,-9.999981876614882,76.14581150063972
jahh1242,aust1305,3.908390324116505,1.9740203419996332
jalk1242,mand1469,-11.955312968588771,79.60145746904618
jamb1236,aust1307,1.5629384023382755,1.5388253312385132
jams1239,dogo1299,-8.669875733714182,81.02941358664279
nucl1643,japo1237,-9.20600655386467,79.83676490762174
japh1234,sino1245,-5.988588961682767,3.0631166583751366
jaqa1244,ayma1253,-8.094158638597237,83.46903641047159
jara1266,aust1307,1.0059798602294272,1.2235742472813058
java1254,aust1307,1.4335589277586571,1.364418920908534
jede1239,aust1305,3.9968141920093263,2.029442106632686
jehh1245,aust1305,2.246469085296153,1.2558810568959586
jeha1242,aust1305,3.982164762956252,2.02758073365861
jina1244,afro1255,2.876396035374212,0.8559409154690201
djin1251,mirn1241,-8.442206454261441,83.40551114860227
jjuu1238,atla1278,1.9059355168371592,0.802218753334003
juku1254,atla1278,1.4763049094947591,0.518822612963163
jurm1239,cent2225,0.7444504176311,0.8653780400323683
kaba1281,cent2225,1.8075783289531824,1.2106686078798674
kaba1278,abkh1242,-9.163821208513824,84.7378835658202
kach1284,gong1255,-10.998214335771998,79.45406595847156
kado1242,sino1245,-3.4719293372518134,1.9906201274384188
kafa1242,gong1255,-9.0964832425008,79.48369610248677
kaga1256,aust1307,-0.5710227698306429,0.8007056771941876
kagu1239,atla1278,1.997957596999349,0.9614174152428064
kaik1246,sino1245,-7.567364656630554,3.810285635781227
kaki1249,kaki1249,-11.586665231548894,84.81940000972745
kala1399,eski1264,-7.897776722000714,78.0431793668345
kala1388,aust1307,0.0832529240843271,0.6789888290801258
kala1384,atla1278,1.180525369374818,1.3625969425318232
kamm1249,atla1278,0.8399428873971662,0.568322686142352
kamb1297,atla1278,1.5916155368602407,1.022639337327547
kamb1299,aust1307,1.2318376927478134,1.028212095276828
kamu1260,kamu1264,-9.138707711028196,84.65749572591469
kana1286,aust1307,0.8916612073419525,0.6710173785577211
kani1286,nucl1709,-11.662540384411448,76.30093049466208
kank1243,aust1307,0.6849664310982959,0.4648616425324974
nucl1305,drav1251,-10.53561809609623,81.39653965518974
kaqc1270,maya1287,1.3373944210973736,1.0095609791056717
kara1482,cent2225,1.8146706149254417,1.579607086582044
kara1476,pama1250,-3.182689382381107,3.136100338780309
kara1500,nucl1710,-7.926621111397211,71.98068088666636
kara1487,aust1307,0.435638987802621,0.4158515813280985
kara1486,aust1307,-0.1987074089002094,0.5404795960157003
kare1338,atla1278,2.21158664275385,1.0090476286411558
kare1335,ural1272,-8.619673622571547,64.09264478656708
kari1311,tupi1275,-7.793252778083569,66.64685169502273
karn1252,aust1307,-2.585871934153075,0.7791487764467888
kash1277,indo1319,-2.676172163937604,2.980200772293358
newa1246,sino1245,-7.559052123396154,3.362809551868736
kats1235,sino1245,-5.473507682154145,2.264597598998378
kana1291,katu1274,-8.05645861488693,84.51192899668423
kava1241,aust1307,0.8868805690654948,0.9788747236414396
kaya1315,sino1245,-3.50893972372454,2.214141417188856
keap1239,aust1307,-4.322758820772292,1.3972722263560795
keda1252,aust1307,-1.2645123301786318,0.7082513555443768
keig1242,kadu1256,2.196329047660303,9.831443095471869
kele1255,atla1278,1.2434480809369806,0.970624233142118
kele1258,aust1307,-1.2517644816683609,0.7307421618491645
keng1240,cent2225,2.0131924356281914,1.618568780468209
kens1248,aust1305,3.959148994026185,2.0068206595307174
kenu1236,nubi1251,-6.864977494257453,79.41409783351637
keoo1238,aust1307,0.7964487512850216,0.8098851519341679
kera1255,afro1255,2.3319232716593064,0.8357683452948237
keri1250,aust1307,1.6718603426713372,1.4638950556454515
kesa1244,nucl1709,-9.87497600185602,76.21170377719301
kett1243,yeni1252,-7.890494364491455,84.56672821008783
kgal1244,atla1278,1.3409351929297504,1.5769253278170083
khak1248,turk1311,-8.07013053683356,67.18223028151239
khal1275,sino1245,-7.323607830514034,3.028850655459322
kham1282,sino1245,-6.505971160161566,3.60589581391055
khan1278,atla1278,1.5716264804199565,0.6783965869457944
khan1274,aust1305,2.187435748790321,1.1685502730887976
khas1269,aust1305,1.7112555756128014,1.2699357861216782
khez1235,sino1245,-4.12990556651188,2.048920206979602
khin1240,nakh1245,-9.137454827260564,62.054927763639256
khmu1256,aust1305,2.3089486367374867,1.087273561470596
guan1266,sino1245,-4.266482177847011,2.923315291110157
khum1248,sino1245,-5.904567562672666,2.316296628952444
khva1239,nakh1245,-7.663289599887982,61.88066396004762
kich1262,maya1287,1.5023029582470857,0.9846664832978148
kiku1240,atla1278,1.3639334976041084,0.9806413063504492
kile1243,tung1282,-9.397879892588024,81.67434892735936
kimm1245,hmon1336,-9.391946755178378,65.74056019599932
kina1250,aust1307,-0.2512089536343724,0.7820279662006584
kinn1249,sino1245,-7.255520291818929,4.295380694881288
kiow1266,kiow1265,-9.315160644270872,86.08641822386168
kips1239,nilo1247,4.640658901133014,7.757190559911024
miju1243,sino1245,-5.93684304988121,2.5610277401043646
koda1255,drav1251,-10.37830968923596,81.5036958094038
koit1244,koia1260,-9.872129757394871,84.17943617967585
koko1269,aust1307,0.2547326703856498,0.5104617642983982
kola1285,aust1307,-1.9042595408151195,1.4667666820856624
kolb1240,atla1278,0.751247261049345,0.7083689230599362
kolc1235,atla1278,2.5897027760261957,0.9918446726931194
kolu1245,aust1307,-2.5424870811860627,1.0225337122820974
komb1274,nucl1709,-10.627326746476884,76.98237225129358
komc1235,atla1278,1.6496349818239242,0.4074645525485181
komi1270,sino1245,-5.72088813346349,2.043228807077739
komi1269,ural1272,-8.387884711639728,64.13795142459121
komi1268,ural1272,-8.378362976366157,64.29543608116116
kona1242,east2433,-8.954721890840352,84.3618482592259
konk1267,indo1319,-4.673417226039244,3.337979862697324
kony1248,sino1245,-5.874002297306197,2.21362345908787
koon1245,atla1278,2.7244574933664225,1.126519129770017
koor1239,gong1255,-10.951021751422328,79.39425623135587
kore1280,kore1284,-8.981892886528371,86.1761240360588
kore1283,tuca1253,-7.963900599004254,77.03580742727439
kork1243,aust1305,-1.929695459984792,2.372934137412045
koro1298,atla1278,-0.6740735318418096,1.1723762438070082
korr1238,drav1251,-10.409339339212426,81.48947629276337
kosa1249,nucl1709,-8.820065988726618,76.77493131896153
kosr1238,aust1307,0.2475092406043106,1.3438998592079372
kota1263,drav1251,-10.33364251813191,81.51898513042173
koti1238,atla1278,2.1332191301879107,1.6486407846038702
guan1269,tuca1253,-10.04735811505118,76.61468950458907
kova1243,nucl1709,-9.810782294383852,76.08676312004906
kove1237,aust1307,-1.700163618645937,0.6953854718929051
koyr1242,song1307,-7.901378885213578,76.89239681855103
koyr1240,song1307,-8.391508885662729,76.77011002012217
koys1242,afro1255,1.608657637923665,1.2484121268248458
gbay1288,kres1240,2.898837832364736,9.090303872774868
kryt1240,nakh1245,-9.09791274186722,62.08413614336119
puoc1238,aust1305,2.0890028809032533,1.1402355092103988
kuan1248,aust1307,-0.9275502391850176,0.5514460618087327
kuik1246,cari1283,-9.541299124115069,72.63088172943475
kuku1280,pama1250,-2.466848899715556,2.4745453583630024
kulu1253,sino1245,-5.630502871027781,2.984747275898925
kumb1268,pama1250,-3.440971197666949,3.7323316153786976
kumz1235,indo1319,0.3492599019597886,1.8895880484248693
kuna1268,kuna1268,-8.65237565598879,84.1943080174589
kunb1251,gunw1250,-8.725056164855916,82.41314437462772
kuni1267,kuni1270,-10.04796979874254,84.12987549756458
kunj1245,pama1250,-3.185613298251959,2.753832283459346
kuot1243,kuot1243,2.065025165246196,8.948022699608586
kurr1243,pama1250,-3.249125561398463,2.940789146262901
kusa1251,aust1307,0.2727177038582038,0.5171288230863667
kusu1250,kusu1250,-11.085064885249205,86.11252069698006
kute1249,kute1249,-10.366492851314398,86.55286612484161
kute1248,atla1278,1.5263974980359478,0.5123296380719466
kuyy1240,aust1305,3.193385159258977,1.3452809880168104
kwai1243,aust1307,0.8979669221154065,0.4464816596930774
kwam1252,aust1307,1.0178844837202767,0.521895680512273
kwar1239,aust1307,0.930767280629274,0.4399139395432314
kwaz1243,kwaz1243,-7.394078405038013,82.24038220358113
kweg1241,surm1244,0.2853959165521029,1.4598824975325044
nucl1595,kwer1242,-10.45861518817896,83.54495853400336
kwin1241,worr1236,-8.402926831638279,81.00705147178392
kwom1262,sepi1257,-10.344444288291989,83.54673147298199
nucl1593,kwom1263,-10.147590825467775,84.70076212240792
kxoe1243,khoe1240,-7.608927725499219,78.0813655132118
kyer1238,sino1245,-5.810632317103629,3.442399158599258
cori1240,atla1278,1.8536995357355155,0.7460684793099972
laal1242,laal1242,2.307557057965788,10.631724322196206
labu1248,aust1307,-2.959762244017657,0.8578290740421721
lagw1237,afro1255,2.9086234685327224,0.9002760504849192
zaye1235,sino1245,-3.438702450057205,2.12052708173286
lahu1253,sino1245,-3.503955703822429,2.012820204994952
laiy1246,aust1307,1.388815360705916,1.0749984724275805
lakk1252,nakh1245,-7.582434180221909,61.94503377467437
lala1268,aust1307,-2.7962542693922243,1.2304412563921403
lama1277,aust1307,-0.7446366638628916,0.6544356925330277
lama1288,afro1255,2.603831461866198,0.6483116849301638
lamb1272,atla1278,0.7083892806788068,0.8136497567269743
lame1260,aust1307,0.3310948520324057,0.3071572320870359
hela1238,sino1245,-7.519286673412401,3.357397472302494
lamk1238,sino1245,-4.007989651531021,2.06811766224736
land1256,atla1278,-1.1641837215832975,1.1230220859120124
lash1243,sino1245,-5.524796904022647,2.214311730911916
teke1275,atla1278,2.3499757288383165,1.368814370898107
latv1249,indo1319,-2.7883902931866844,2.5907006340735848
lauu1247,aust1307,0.8630995229044096,0.491711454023644
lave1248,aust1305,2.777256027816298,1.246482960594264
lavu1241,lavu1241,-6.710133441098777,76.47219000585459
lazz1240,kart1248,-7.400662051984084,77.92095065635615
lega1250,atla1278,0.8727629396080303,1.090309092433159
lele1276,afro1255,2.092390933687172,0.9981367928767924
lele1267,aust1307,0.6622549957340311,0.459753026197248
lele1270,aust1307,-1.2389338321610603,0.7194160113667323
lemb1266,nucl1709,-9.222104922485276,76.48432424090632
leme1238,aust1307,1.0054143046966288,0.5653728114045435
lena1238,aust1307,1.0901781656248186,0.4998872825256626
leng1259,aust1307,0.78859471437681,0.4714400201870319
lepc1244,sino1245,-5.421866522183732,2.8787625406454254
leti1246,aust1307,-1.4360230189663916,0.9226700103494068
lewo1242,aust1307,0.2432127203066834,0.3485754266132801
lewo1244,aust1307,-0.7016587613655973,0.6552216739617052
lezg1247,nakh1245,-9.19885087915952,62.03915134339485
libi1244,atla1278,3.0749735421973465,0.9433844289742126
liby1240,afro1255,2.158146019557341,2.202240990408896
liji1238,atla1278,1.6409754797149692,0.7298872728838433
lika1243,atla1278,0.7997878244501742,0.8209211849562337
lill1248,sali1255,0.6707064185396305,1.2489591527778146
lipo1242,sino1245,-3.81478130104475,2.17812425767481
lish1245,afro1255,1.336628987150375,1.1902749050277208
lisu1250,sino1245,-3.974008347795047,2.3053116379273177
lith1251,indo1319,-2.852159841141413,2.441444375417973
lito1235,atla1278,2.972481231304433,0.945350748133336
livv1243,ural1272,-8.77988246858809,63.884398980353566
loba1239,atla1278,3.166246250262832,1.0061613072004292
logo1259,cent2225,-0.4740520902109715,0.7252804735468743
balo1261,atla1278,3.113995970685263,1.074472990035801
loka1252,atla1278,1.1603733231475353,0.6390834618374015
araw1276,araw1281,-2.480597278735124,3.423735739109901
lolo1259,sino1245,-3.818662040803528,2.195284772449142
lomb1257,indo1319,-1.975975509185968,1.524530940258117
chiq1248,chiq1253,-6.992974550779797,80.1423917180247
acha1249,sino1245,-3.5365252302322867,1.98527208625346
long1395,aust1307,0.8919960699408254,0.4982615955796632
loni1238,aust1307,-1.2461931104934854,0.7240835213006847
lote1237,aust1307,-1.3590712444648083,0.6897797483060657
louu1245,aust1307,-1.259721334225854,0.7041003187466686
vano1237,aust1307,1.30563459743391,0.7036618790563978
lowl1260,tequ1244,-4.954474622524565,53.78602382540262
lowl1265,utoa1244,-2.4948241965844664,1.4812731838235609
lozi1239,atla1278,0.3682356430081608,1.142588290286923
luan1263,aust1307,-1.5652542018986155,0.9674121504767612
onto1237,aust1307,-0.4368458199729224,1.032092129850085
luch1239,atla1278,0.3229596121296421,1.1319988396516436
ludi1246,ural1272,-8.629018114950703,64.06241283067257
lugb1240,cent2225,-0.5545328432148491,0.8080072011647985
lugu1238,atla1278,1.904391168359778,0.9749697718830106
lule1254,ural1272,-8.68632319281866,64.15169303600774
lumb1249,atla1278,1.850112712701229,1.561507476852583
lumu1239,narr1279,2.8053736449804507,8.73883868080867
lund1266,atla1278,0.9367020649631764,1.2876304957563889
luok1236,nilo1247,4.79004222653951,7.920982297449029
luse1252,atla1278,2.938734144793516,1.1685975374285107
luya1241,atla1278,0.5938006549727071,1.112015803367683
maan1238,aust1307,2.4052028843582285,1.702904966826722
maba1270,atla1278,2.220040607906018,0.896841192278174
maba1277,maba1274,-5.966755303577039,58.139434579537365
mace1250,indo1319,-1.6749406245516445,1.458112386699284
maco1239,sali1297,-8.00910147384709,84.14915507033338
macu1260,tuca1253,-8.384160594184026,76.65953876798669
macu1259,cari1283,-8.20178906497828,72.10761707679319
mada1285,aust1307,-0.1773210951873176,0.4896600321046662
madi1260,cent2225,-0.524152754122535,0.945004782418593
jama1261,araw1282,-9.578048975155092,83.86197323334491
mafe1237,aust1307,0.9818706734573333,0.3635973242556645
magd1235,otom1299,2.2980061639399416,0.7033787555113094
magu1243,aust1307,0.2808322689168498,0.6571514268109837
mail1248,mail1249,-11.39692796099574,84.84887316676155
mais1250,aust1307,-2.749765273261993,1.1555464857983535
mait1250,indo1319,-3.4302166398318272,2.771751886363944
maja1242,surm1244,0.3165278475193389,1.4145628724948125
maka1304,atla1278,2.504968221775856,0.9748941345339546
makc1235,taik1256,-1.8937657846748197,2.0301490787711174
makh1264,atla1278,2.130858024196895,1.4194199244181362
makh1266,atla1278,2.0278442269334374,1.3497147326897334
mako1251,atla1278,1.5227542315894755,1.190309339454387
mala1463,drav1251,-10.059327114947862,81.68490309023333
mala1464,drav1251,-10.13009555524079,81.65042273606728
mala1522,chib1249,-6.936039644194097,49.175125702693705
male1284,gong1255,-10.882671227506783,79.26593536468295
male1297,chib1249,-7.320640337463129,49.521886987025695
male1289,aust1307,-2.3518641927625,0.7634398774707449
malg1251,afro1255,2.921151851722112,0.837062470307302
mali1285,otom1299,2.120172971790442,0.8790028199353088
malt1254,afro1255,1.3830327119114578,1.8462703541017904
malu1245,aust1307,1.0834648308057986,0.2991982526995826
mamm1241,maya1287,1.8695140595644717,1.0005135872426507
sauk1252,nucl1709,-10.138754717799666,76.1076676291718
mamb1306,aust1307,-1.7114488683677278,0.8958122169762675
mamb1294,atla1278,1.9507158467667924,0.7324822325013969
mamb1296,atla1278,1.02329827591854,1.048767111005958
mamv1243,cent2225,-0.4323863375794552,0.7978496467352727
mana1295,aust1307,-1.9036671486932164,1.008817009068622
mana1298,nduu1242,-10.417370991977826,83.23921072575516
mana1288,sino1245,-7.517232656275681,3.6769128419065424
payn1244,nucl1709,-11.20036735782746,76.29970254248072
mand1440,aust1307,-0.0226706429532441,0.5697409699220657
mand1415,sino1245,-5.506834091172272,5.130817635008583
mang1378,aust1305,2.4275076545151126,1.067540574471252
rapa1245,aust1307,0.2503656927821147,1.9376656810242423
mang1401,aust1307,-1.302321537113616,2.3008397463281085
mang1381,mang1423,-8.514271184353683,84.88793633803564
mang1394,cent2225,-0.1921480549540737,0.8005256891383397
mang1405,aust1307,1.3173088956782042,0.9534079419427997
mang1403,aust1307,-1.373854006328183,0.6683069499668193
tong1308,aust1305,3.814857706105153,1.9283649340368496
manm1238,aust1305,2.531472499017175,1.1276961654898656
maor1246,aust1307,-1.303791335942457,2.4148188153491787
mapo1242,aust1307,-2.9631546353492317,0.882201017144169
mapu1245,arau1255,-7.746252080656142,84.14378846059635
mara1382,sino1245,-4.229782749225995,2.4491103125071305
mara1399,aust1307,1.0330266487758717,0.2727156550168104
mara1379,sino1245,-5.821978179871222,2.038085581594018
mara1378,indo1319,-3.296463353447354,3.085249632278092
marg1265,afro1255,2.438355765752138,0.6769514901690599
mari1440,coch1271,-8.834984202102241,84.50568019657327
mari1428,aust1307,-2.5491647640221826,0.9195545150919316
nucl1622,anim1240,-10.476915264440468,85.56776923738843
maro1244,aust1307,0.4565170372026887,0.5310057228538483
mars1254,aust1307,0.5957209273560018,1.7672384984282132
mart1255,pama1250,-3.08218293828355,2.997351001191106
maru1249,sino1245,-5.412498481577106,2.145560294298648
maru1252,pano1259,-8.523731931454114,62.72966571293063
masa1322,afro1255,2.478969013645941,0.898910732461772
masb1238,aust1307,-0.8621845009518925,0.9112451106176848
mask1242,aust1307,0.6716879062664027,0.2860064440111216
matb1237,aust1307,-1.7355089567303308,1.3168312774607358
kemb1249,aust1307,2.444708341098499,1.6106490759624703
mati1250,aust1307,-0.0088495130451553,0.7170928783672537
mato1252,aust1307,-2.8113493762909263,0.8164824388089329
mats1244,pano1259,-10.23098286786986,62.82058092728871
matu1261,aust1307,-2.4155004803970543,0.8908861307742058
matu1259,atla1278,1.492956592486653,1.0881410395133884
maun1240,iwai1246,-8.746374273319065,84.81913440650884
maxa1247,nucl1710,-7.987828340304518,72.38441867339272
maya1285,misu1242,-6.627483805907814,64.85171328467297
maib1239,mayb1237,-8.801679468779671,83.94813748296433
mayo1264,utoa1244,-2.3882911134928277,1.6819174509786308
mayo1261,atla1278,0.7256511597863202,0.8211025936967644
maza1304,afro1255,2.139914877860548,0.6184915903962036
mbaa1245,atla1278,0.6539736064770612,0.9232216795588926
mban1263,atla1278,2.889117826562515,1.0250982569354363
mbar1260,afro1255,2.7675961803413447,0.9510155810596784
mbay1241,cent2225,1.4407922088936207,1.030887501538004
mboc1235,atla1278,1.0984710385958572,0.5171682273861222
mbol1247,atla1278,1.469781909223526,1.1031265558645913
mbul1263,aust1307,-2.5247987198113364,0.7741261207709158
mbya1239,tupi1275,-7.840946505429311,67.18348794482003
meen1242,surm1244,-1.5051671676944718,1.38807620563054
meke1243,aust1307,-2.874501660576339,1.1394615370271168
mele1250,aust1307,0.6267996886017286,0.4659506428683784
melp1238,nucl1709,-9.516144478451356,76.45916262653199
mere1242,aust1307,0.9276354522720692,0.4455740873599012
meta1238,atla1278,1.4696114715414392,0.4812200861484257
mezo1235,otom1299,2.239673124955969,0.8525072281397286
mezq1235,otom1299,0.3353316945326696,1.0958428981868735
mids1243,atla1278,1.8483910506653665,1.085464134059933
mikm1235,algi1248,-7.928927888774173,69.49622715133327
mila1245,sino1245,-6.037924488654493,2.619646347194106
mina1276,afro1255,2.2525504587488623,0.6096799772338244
mina1268,aust1307,1.719553745015613,1.4616223237600394
mini1256,huit1251,-8.141407195797067,84.67527837929138
mini1251,aust1307,-0.917294067702608,0.5555499070034244
minn1241,sino1245,-3.4788706971102217,3.0992881045503253
misk1235,misu1242,-6.545605052766788,64.8933518454872
mixt1426,otom1299,2.5140631210569198,0.9628877999229956
miya1266,afro1255,1.980675734726896,0.8566968862442508
miya1259,japo1237,-8.451366747996245,78.34963585153949
lush1249,sino1245,-4.353217010326259,2.398869143327076
mlab1235,aust1305,1.8456920267260009,1.1700005075973792
moba1244,atla1278,-1.3588576212062922,1.0778228074420897
moch1257,maya1287,2.218382562358902,1.0045404784580685
moco1246,guai1249,-7.527959315500832,79.38540886281783
mode1248,indo1319,-0.2001241233494486,1.5638819774588768
hebr1245,afro1255,1.7147219525105903,1.5438096983104117
moha1258,iroq1247,-9.348590323286649,78.89555240731801
moke1242,aust1307,1.0951158474140374,1.4308252377202706
moki1238,aust1307,-0.9939713849790408,1.1942548773208017
mokl1243,aust1307,0.806320839144572,1.213830930464468
mokp1239,atla1278,1.4076524811285438,0.6418362664602029
moks1248,ural1272,-8.37088648577856,64.11188076636452
molo1266,afro1255,2.5907785740102245,0.6590980407971472
mong1338,atla1278,2.3389181051028025,1.3842744305793817
mono1273,aust1307,-0.7812848804041765,0.7537352172289502
mono1270,atla1278,2.797411076887938,1.031676475294674
mono1275,utoa1244,-2.9347966036540827,3.0329708155000503
nucl1458,monu1249,-9.123689433128714,83.90875297668441
mopa1243,maya1287,1.7014593112398035,1.3760206845924614
morm1235,aust1307,-1.7969728030368175,1.0843154130979542
mort1237,aust1307,0.0366015964816721,1.421954894987735
mose1249,mose1249,-6.9990452327341135,80.1771040964437
temb1272,atla1278,2.507514350845595,0.9167943182589084
motu1246,aust1307,-2.7093603246865943,1.3155667872903365
movi1243,movi1243,-6.847207425311412,79.04185049609842
tang1347,aust1307,1.059802057048584,0.3835020422126547
mpad1242,afro1255,2.9719486883688173,1.0991543551272829
mpii1239,sino1245,-3.8542555836270616,2.4530419271789725
mpot1240,atla1278,1.4346617992689037,1.0161115079672527
mpur1239,mpur1239,-8.765723356947523,83.95887619277693
mual1241,aust1307,2.4793752320638145,1.6253624639657716
mudu1242,aust1307,-1.536389180537336,0.7421103480402849
mudu1239,drav1251,-10.276155008325873,81.56039727219218
mull1237,nort1547,-8.653849863763021,84.80305279716003
nucl1240,atla1278,0.5527549447470879,0.5890331239475586
munc1235,sino1245,-5.583804229717332,2.6361529489169726
mund1328,atla1278,1.6088432243764714,0.4215197193462074
mund1325,atla1278,2.20214526692879,0.7881349095708998
mund1326,atla1278,0.7450915213563043,0.892472233000575
abar1238,atla1278,1.602087937092188,0.4214098400475023
murl1244,surm1244,1.0457174169840968,1.413919500983468
muru1266,pama1250,-3.638906449479856,3.296065193471236
musg1254,afro1255,2.7301855972580427,0.8349217915448435
muso1238,aust1307,-2.935474197539879,0.8379162338958679
muyu1244,aust1307,-1.8172477764588104,1.1544536118320965
mwag1236,afro1255,1.5347454668685625,0.6829553317293033
mwan1247,atla1278,1.848192745144685,1.3892311871332197
mwer1248,atla1278,1.095702168326591,1.0493971117045646
motl1237,aust1307,0.966137694987971,0.5965847884851598
nade1244,nada1235,-8.254389175941489,82.88303252860851
sout2857,aust1307,0.7364264348958827,0.3162933520176523
naka1262,aust1307,-1.084991028179382,0.6585367402329325
nali1244,aust1307,-0.1200175417352138,0.512652790759887
nama1268,aust1307,0.2525128729633348,0.4147822014527662
litz1237,aust1307,0.8935454213318295,0.2683462641954577
namb1293,more1255,-8.9109214358973,82.82733471500613
nana1257,tung1282,-9.449093340117958,81.66598013026456
nand1266,nilo1247,4.194677441105373,7.585244348362465
nang1262,aust1307,1.053385484231267,0.79990115800355
nant1250,araw1281,-2.3904772391700995,2.3524119547428484
nara1262,nara1262,-8.538767428085723,84.0775607681116
naue1237,aust1307,-1.7430922277095773,0.8910930613685792
naur1243,aust1307,0.5447906486936613,1.5998568317707085
nava1243,atha1245,-10.602191811810687,75.22608986212688
nawu1242,atla1278,-1.6693989873580772,0.9832808805834504
ncan1245,atla1278,1.6303235149468271,0.4238194284529868
ndam1239,atla1278,1.0237274609045477,0.8478640852304551
ndob1238,atla1278,3.0878029172359938,0.9999618733733796
ndog1248,atla1278,2.031310608443409,1.409988614606121
ndun1249,atla1278,1.654039604189652,0.8564213559381528
neha1247,aust1307,-0.9667904979499058,0.7044869554713102
kuma1276,aust1307,0.1821429439727691,0.627621733454319
nenn1238,more1255,-8.969432851671368,82.805820035455
nend1239,nucl1709,-11.236249874281375,76.30167362846643
neng1238,aust1307,0.8300859980050568,0.8551387475509529
nucl1706,afro1255,2.47206884684808,2.016130220240853
nese1235,aust1307,1.080711918072824,0.2969410947201965
vinm1237,aust1307,0.9007394005023208,0.2710530311282184
ling1265,aust1307,0.8731815102358844,0.264725393856807
nezp1238,saha1239,-8.788777000799685,83.5979696998572
ngaa1240,pama1250,-3.5852518140934797,3.573757946736194
ngab1239,chib1249,-7.542035148012329,49.51993784042208
ngal1292,gunw1250,-8.593915435332793,82.66013801105541
ngam1268,cent2225,1.335415174784515,1.0080662224195578
ngan1291,ural1272,-8.205776149381062,64.69867098894463
ngar1235,pama1250,-5.390845097327103,3.522911871504561
ngar1284,worr1236,-8.337840820165624,81.34015094475286
ngar1283,mirn1241,-8.40260404915461,83.42407847953915
ngas1240,afro1255,1.4082086415637,0.6530166781021904
ngba1284,atla1278,3.054577425282881,1.1617445066583088
ngba1285,atla1278,3.037304685450932,0.983762681797586
ngit1239,cent2225,-1.793128576999063,1.0512024666681583
wang1291,pama1250,-3.617470855903802,3.46486690055319
ngom1268,atla1278,2.6025291874485816,0.979799547333272
nhan1238,pama1250,-3.2897916883681733,3.6881306309686295
nhen1239,tupi1275,-8.580016233161817,66.65946543616982
nila1242,atla1278,1.915305385196108,1.0631239477218628
nucl1633,nimb1257,-10.125601988739724,84.76925062299226
nina1238,yano1268,-8.103843558836509,79.09929444809872
labo1244,aust1307,0.8290521003342803,0.3025412002054111
nisg1240,tsim1258,2.0968669041924333,9.180787547694408
niua1240,aust1307,-1.019074122945403,1.3828482421927788
niue1239,aust1307,-0.9496334524938836,1.7079674743586963
niva1238,mata1289,-7.228630113098844,81.81676446924311
njan1240,atla1278,1.3166601934062443,0.5557475345233485
noct1238,sino1245,-4.196335358863845,2.299347274964063
noon1242,atla1278,0.3006193648581803,1.4049172111695611
noon1243,atla1278,1.6582050084615592,0.4212779333035286
nopa1235,otom1299,2.493919288615757,0.8306793437160138
nort2839,aust1307,0.5085326887807078,0.30096098331353
nort2697,turk1311,-7.464523323338263,65.43719789385304
darg1241,nakh1245,-7.595553393849242,62.04402867707924
nort2930,kiwa1251,-11.32296469621853,84.98032037482218
nort2972,choc1280,-8.759726890273638,79.86946455090946
nort2702,drav1251,-11.571093523878632,80.58261115379321
gumu1244,gumu1250,-8.520028278209933,82.65592725590828
nort2938,haid1248,-8.931090264676952,85.09682514665379
sing1264,sino1245,-5.90911524732777,2.3368434754325023
nort2877,aust1307,0.8158783271040946,0.47845795494149
nort2684,aust1305,3.2756092601261653,1.4191071320305042
lush1252,sali1255,0.6031728912784828,1.173932085339331
nort2774,atla1278,1.8599775314883988,0.8287089775503205
nort2954,utoa1244,-2.9012622588847865,3.138096366811439
nort2957,utoa1244,0.5158549977571383,0.9798340152709386
nort2723,sino1245,-5.830750243999273,2.5699645383113108
nort2747,hmon1336,-7.071348657253212,65.98538743031483
nort2722,sino1245,-5.913267170611963,3.1765940426748074
nort2885,aust1307,0.5203134914711676,0.8242280024946496
nort2959,utoa1244,-2.1659126693656523,1.502360006589285
tosk1239,indo1319,-1.6181762870697556,1.4856509421550186
nort2732,sino1245,-4.908194435054321,3.757327376348599
nort2690,turk1311,-10.016259913535322,66.90191600063625
nort2745,yuka1259,-7.838542834652204,84.43163304785021
nort3047,afro1255,2.470137628257937,0.6476837278055996
nort2980,quec1387,-8.269563998149128,79.75483666957787
nort3139,afro1255,1.107929491877245,1.287599050095352
nort2845,aust1307,-1.531724663249463,2.4880716546617663
nort2671,ural1272,-8.622393081789811,64.19655375261442
nort2942,atha1245,-7.651801681380087,75.43198530368973
nort2847,aust1307,1.0874435788989132,0.5001601531216266
nort2961,algi1248,-7.905429809355882,69.08492452894613
yaki1237,saha1239,-8.179576015569307,83.68751996496579
nots1237,aust1307,-0.1784169212958293,0.4971120492229488
nsen1242,atla1278,1.3778931678594049,1.2866419044522104
nuer1246,nilo1247,3.860222007309842,8.158242316386719
nukn1238,nucl1709,-11.75540002738903,76.08948595331367
nupe1254,atla1278,1.4544172620372624,0.953503994549976
nuuc1236,waka1280,-7.520692013640184,82.94806930414144
nyah1250,aust1305,2.741588901919941,1.526016788627203
nyak1260,atla1278,0.947685054121422,0.7759614156071137
nyam1285,afro1255,1.1862778659951054,0.6778302474752849
nyan1301,pama1250,-3.284051833137551,3.080987290248004
nyan1307,atla1278,1.2510835588135247,1.0108220292140118
nyat1246,atla1278,1.9304833367075904,1.022039829728314
nyor1246,atla1278,1.1352081615909029,0.9182220450007748
nzak1246,atla1278,2.3370425942750828,0.962979819419104
nzak1247,atla1278,1.1926674178148406,0.9254142644492164
obok1239,lake1255,-8.864065543349442,83.94950617391213
obom1235,aust1307,0.2254443477488283,0.6322562619640308
occi1239,indo1319,-1.7458077415415598,1.6081580421392658
ocot1244,otom1299,2.542237435327918,0.7491149949052129
oriy1255,indo1319,-3.787581785869369,2.80305376962734
kalm1243,mong1349,-9.322439523296158,83.95445250016306
okan1243,sali1255,-0.5694601613516896,1.3586772622017236
okin1246,japo1237,-8.727969897176742,79.11441481558263
oksa1245,nucl1709,-10.66433896361481,76.74166438900892
okuu1243,atla1278,1.6802088762065246,0.4185397830605097
oloo1241,nucl1708,1.027236925436574,1.3564785757540818
olut1240,mixe1284,-5.495325810583589,50.3928029201631
omah1247,siou1252,0.371092942667671,2.628483629613072
bira1253,bira1253,-9.107335252200777,84.00730046424002
orma1241,afro1255,1.359320251626409,1.2804405212486358
oroh1237,aust1307,0.8788582075714206,0.5461932344701808
orok1265,tung1282,-9.4918731963914,81.71629180336608
orok1266,atla1278,1.2239857975550663,0.571204070878224
orok1267,nucl1580,-11.48616664372034,84.83490266722855
orow1242,aust1307,0.277390282517068,0.5474899977746617
otta1242,algi1248,-7.711935261307457,69.0806346958149
owaa1237,aust1307,0.99836070634373,0.8477583262432091
paaa1242,afro1255,2.008848241774165,0.918458161082313
paam1238,aust1307,0.398236166122988,0.3114291733555063
paas1238,atla1278,-2.124968962405454,1.0181474472782526
paco1243,aust1305,2.318916722734759,1.2633433861875147
pagi1243,atla1278,1.7079611580596694,0.8317062811626244
pagu1249,nort2923,-8.100575445718365,75.65696575580452
pahn1237,hmon1336,-9.43327996965102,65.74808452347885
pait1244,sino1245,-4.105295265060398,2.0826210757490884
pala1344,aust1307,0.4502400386338596,1.3971413435565836
balu1257,aust1307,-1.202459336895363,0.7198219028162356
pamb1243,atla1278,0.4394331002384604,0.9338106202205124
pamp1243,aust1307,-0.0224644039083345,0.6897742202448853
pana1307,nucl1710,-7.90825852351734,71.94263652017325
enap1235,cari1283,-7.858018628057305,72.12459166439089
pang1290,aust1307,0.4684273197986925,0.5843986242403361
pang1291,aust1307,1.7087496692448187,1.0679128972089271
pang1287,atla1278,1.1938909259501038,0.843871447115319
pany1241,pama1250,-5.007732266471888,3.0960684771055758
papa1238,toto1251,0.5734270598528823,1.5729302829415843
papa1265,aust1307,-0.7237564354106034,0.667641828896862
para1311,tupi1275,-7.714703865138625,67.03358333430124
para1302,sino1245,-5.782859773706537,2.1470073465636688
pare1272,araw1281,-1.9290820531759303,2.747928213366862
pate1247,aust1307,-2.950435063844446,0.90965915284022
patp1243,aust1307,-0.6736707127582138,0.5291631396820975
paul1238,aust1307,-1.6192053943195397,1.335908875181218
pech1241,chib1249,-6.811560116992943,49.68701353771159
peer1241,atla1278,0.3378658274192254,0.5913801340093698
pela1242,sino1245,-5.214306681907555,1.988585956991031
pemo1248,cari1283,-8.164033615372182,72.1179812077557
pend1242,aust1307,1.9305232704152733,1.0572575366713863
peng1244,drav1251,-11.74433902727582,80.33402845241325
phom1236,sino1245,-5.872188884692401,2.1671580535385004
piap1246,araw1281,-2.424822905796125,2.1927905602477864
pila1245,guai1249,-7.407841334717035,79.28095453949331
pima1248,utoa1244,-2.6919534812340693,1.6813346947264876
pina1252,piaw1238,-9.237892401237948,83.55173610221712
ping1243,aust1307,-0.7932459778789918,1.189126082275919
pipi1250,utoa1244,-0.3807790204499577,1.7630375775026863
pite1240,ural1272,-8.704634391541127,64.10988662149163
plai1258,algi1248,-8.781588275460427,69.14498857430786
pnar1238,aust1305,1.7603494291869684,1.286734821650228
pohn1238,aust1307,-0.9903465070111696,1.3338857934709123
poko1263,nilo1247,3.8763155039416297,7.627512445721138
poli1260,indo1319,-2.753061277033405,2.36466204604514
popt1235,maya1287,2.1609892262283026,0.919864349381939
port1285,aust1307,0.7009003336154418,0.2839681466310537
port1283,indo1319,-1.3776362622212923,1.850817108996381
phai1238,aust1305,2.0375968849648096,1.1255331671594746
psik1239,afro1255,2.366474761252322,0.6099316021696524
puin1248,puin1248,-8.08480700675805,84.19554303037893
puka1242,aust1307,-0.9901054276473538,1.8636239214576165
pulu1242,aust1307,-0.7630304969768611,1.3698682778397853
puma1239,sino1245,-7.478945103939718,3.0563127290056684
pume1238,pume1238,-7.552932005872046,82.91577031905419
pura1257,pura1257,-9.735451544187484,84.58586226877819
pure1242,tara1323,-6.336329398314809,74.78538785811678
puri1258,sino1245,-6.945588877300654,4.552854454558172
qawa1238,kawe1237,-7.821483537795595,84.37844820153924
qima1242,afro1255,-2.394095486942044,1.6177391591268844
quer1236,otom1299,0.2129110610726741,1.1480674612260344
quio1240,otom1299,2.461027488089883,0.8051585516423359
rabh1238,sino1245,-6.319458603825327,2.322207741251731
raji1240,sino1245,-7.592096299084384,3.9288290654326943
rama1270,chib1249,-7.277940371219072,49.48720170419102
rapa1244,aust1307,-1.432077778433504,2.563704877004753
rata1244,aust1307,-0.1419938581671687,1.1800474113762365
reja1241,aust1307,2.6236379226755417,1.6291030406027431
reng1252,aust1305,2.847482514086325,1.281326971698988
renn1242,aust1307,0.9352235311861924,0.9915774753259824
reye1240,pano1259,-7.135197733924155,62.15167621850746
beka1241,aust1307,2.3199606991376065,1.687721037107707
roma1326,indo1319,-2.0631417264335843,1.5798044988003568
romb1245,aust1307,-0.8493906738250088,0.8399010548622954
ronn1241,afro1255,1.4133199469963635,0.671589748039338
rong1264,sino1245,-5.655381496527247,4.185734828402516
roto1249,nort2933,-7.849001139222761,81.6539440499813
rotu1241,aust1307,-1.1434666846621706,1.6440479542107198
rovi1238,aust1307,0.2187488742671224,0.508858695095924
ruch1235,aust1305,2.69597846042557,1.2324138217580014
ruka1240,aust1307,0.6826279335917533,0.7244265910727563
ruma1248,aust1305,0.9681519700914212,1.2414652273488826
rung1258,maba1274,-5.771575062789839,57.82770215515556
russ1264,mong1349,-9.48699856723342,84.49869050001286
russ1263,indo1319,-2.1880506928104264,3.1425569579395045
saaa1241,aust1307,0.4105160333269264,0.3325093246959767
saaa1240,aust1307,0.8752545145593853,0.5290871946098861
saar1237,aust1307,0.923692254033174,0.6951667779228075
saba1268,namb1299,-7.367326898058257,81.2886911115716
saga1262,atla1278,2.1118800282698587,1.0535499105707515
sais1237,aust1307,-0.8638602965248641,0.9039162173065308
yaku1245,turk1311,-9.808559078785674,67.35161422346006
tsis1238,atla1278,1.4367277124880111,1.0452651072598087
samb1311,atla1278,0.3060183675934578,0.5202279605886702
samb1305,atla1278,0.2576214423859966,0.5199015968888148
samo1305,aust1307,0.0261896075176553,1.378138990934744
sana1295,afro1255,0.6695610985355458,1.7740849645276595
sanb1242,chib1249,-7.502080387685337,49.50404290360089
sand1278,huav1256,2.40085278878413,11.38432964729968
sang1331,atla1278,0.424048038685699,1.1429360083700717
sang1321,sino1245,-5.807907725514744,2.076477630804732
sang1330,atla1278,0.9784380020191534,0.8048332666613902
sanm1301,otom1299,2.0875951934144688,0.9938064679029708
sanm1289,quec1387,-8.19612465143366,80.13872091786456
sanm1295,otom1299,2.206616129071733,0.6917070584637486
sant1451,otom1299,2.4815027565059857,1.0531123169229204
sant1436,otom1299,2.3068276966768835,0.7572059255770824
sanu1240,yano1268,-8.082841045887406,79.00610262729231
sapo1253,aust1307,-0.5885401102726124,0.6187522656772018
sara1321,cent2225,2.042604048024833,1.4763013907339797
sars1236,atha1245,-8.658768946903642,75.20414221405758
sasa1249,aust1307,1.9290938548839731,1.5245004769173107
sata1237,aust1307,-0.5561597478884117,1.2887270176100998
saur1249,drav1251,-11.159533220356987,80.39352289393392
savo1255,savo1255,-8.147136679540385,82.19055202657337
saya1246,afro1255,1.3340335297273889,0.6536951918230614
seda1262,aust1305,2.576272464884777,1.2794003024884546
seim1238,aust1307,-0.2083307749315901,1.0263452396329311
seke1241,aust1307,0.4451239374324185,0.3329439822264959
sela1259,aust1307,-1.907903447743416,1.5340480851584886
selk1253,ural1272,-9.974291311630816,64.73215440631778
sema1266,aust1305,3.994702213135618,1.9759144002065483
sema1265,aust1305,3.9147017652326745,2.06890718757451
seme1247,aust1305,3.707222187435226,2.0096064085534806
seng1281,aust1307,-1.8687782558350268,0.7463024702107504
sout1528,indo1319,-2.125607377955177,1.748943457855475
seri1257,seri1257,-10.254900159601425,86.26914058382008
seve1240,algi1248,-7.983251301461532,69.12902487281612
shab1252,shab1252,-10.502473045650316,85.04297998182291
sham1280,atla1278,2.193642195376187,1.0421104729400668
shan1283,pano1259,-8.545846430116327,62.55994450790394
shaw1249,algi1248,-7.612139386599887,69.12466462372194
biao1253,taik1256,-1.4315368032558968,2.581750344193125
shil1265,nilo1247,4.222966963438685,8.458686558421206
ship1254,pano1259,-8.549923051035496,62.707065730461856
shix1238,sino1245,-5.857285124125573,2.537621758017508
shon1251,atla1278,0.6963286108586306,1.1481907765509476
shos1248,utoa1244,-3.084735608389881,3.085824201348544
shua1257,jiva1245,-8.035988861685961,78.5348397865925
shwe1236,aust1305,2.6562330842502213,1.2744471239050483
siam1242,siam1242,-11.815150410659882,85.0279161068579
sich1238,sino1245,-4.105538738719068,2.539124011680556
sici1248,indo1319,-1.1587467201403774,1.573059587605897
siee1239,aust1307,-0.5347041824112768,0.5449962296767552
sier1250,otom1299,2.4867963938579063,0.7798082574237384
sika1261,aust1307,0.2694302631099496,0.8774217811534157
siks1238,algi1248,-8.908826354903448,69.06598919683688
siku1242,aust1307,1.7009475105720997,1.5568981139258398
sina1266,aust1307,-4.385158128326091,1.3216851642707752
sioo1240,aust1307,-2.7719303016570365,0.8000216337416362
sion1247,tuca1253,-9.658580259419482,77.1159417546616
siri1274,tuca1253,-8.361567521715163,76.62976590085022
siri1273,tupi1275,-6.937794367833791,66.01793882837259
sile1255,nucl1709,-9.55958429763703,76.23027678206444
situ1238,sino1245,-4.228593367519288,2.9615480180059848
siwi1239,afro1255,2.198240352603692,2.238134743928228
skol1241,ural1272,-8.56060425230735,64.23822869214194
slov1268,indo1319,-2.093836267483435,1.770912104240466
sooo1254,aust1305,2.5887172558025284,1.1677798425704395
sobe1238,aust1307,-1.5280538649312074,1.245776155320911
soch1239,otom1299,2.40409095670857,0.8626191662832241
soga1242,atla1278,1.458036378423566,1.0314891447482497
soli1239,atla1278,1.2029316469512406,1.1279814067092389
sons1242,aust1307,-0.6887646877167004,1.397697117188983
mani1235,east1459,-8.76569379922517,83.76493181960669
koon1244,atla1278,1.6396469134684413,1.3720690206804562
sout2859,aust1307,0.4586687567409964,0.3073169586820086
sout2976,utoa1244,-0.3215674706115745,1.1093140957949146
sout2856,aust1307,0.6822326126148202,0.474016382734149
sout2954,japo1237,-8.780110814569227,79.24078734821997
sout2996,ayma1253,-8.962856700828965,83.72403196472708
sout2730,sino1245,-5.504384704169109,2.193356308121551
raro1241,aust1307,-1.445130440259085,2.2530527507688305
sout2826,krua1234,-9.723250536205985,85.55698689144864
sout3236,gumu1250,-8.475627330751948,82.62414935030776
sout2956,haid1248,-8.941896991648376,85.08935543352888
kach1280,sino1245,-5.485285217166654,2.1316803070833714
sout2994,namb1299,-9.041133542023344,81.27904349304737
sout2649,indo1319,-1.8753610710332331,2.562402502734102
sout2729,sino1245,-5.761729238681442,2.46812551734088
sout2728,sino1245,-4.188327871640056,3.045110248525802
sout2807,atla1278,0.2446321457784019,1.4260423664585034
sout2797,atla1278,-3.8387592992432378,1.200815515802347
sout2679,ural1272,-9.007969470483657,63.58924253190357
sout2782,atla1278,1.7181014557176493,0.7162759771866973
sout2674,ural1272,-8.779238579590693,64.06504624474148
sout2959,atha1245,-7.960629396050725,75.40552923337884
para1301,aust1305,2.655433453630808,1.2565864273238532
sout3261,nakh1245,-9.237639324299522,62.010728547006
sout2869,aust1307,1.0447474351100237,0.5102908994815181
stan1318,afro1255,2.0213202748914263,2.046136636046356
indo1316,aust1307,1.499363584993862,1.407120923352139
stan1306,aust1307,1.564912954981656,1.2947394116690276
horp1239,sino1245,-4.2760543581960535,2.8475366028862936
sude1239,aust1307,-1.5493842897145669,1.4423053777513957
sumi1235,sino1245,-4.166737399230965,2.0802068641459077
sund1252,aust1307,0.5527304033402594,1.4402825488193116
mari1426,aust1307,0.5614269333944346,0.4939340746736462
sunw1242,sino1245,-7.489452712955201,3.204972067235161
supy1237,atla1278,-3.4583875916550437,1.5631573319834473
surg1248,ural1272,-8.251182562573403,64.62976953424743
surs1246,aust1307,-0.8640460850156018,0.5734986140229807
swah1253,atla1278,1.540572527755268,0.9533166788567796
swed1254,indo1319,-2.687220582879992,2.8684190899374613
taba1263,nort2923,-8.039186252483065,75.66521583240373
tabo1241,tabo1241,-10.932862781576926,85.29679903152744
taga1272,aust1307,0.2013563994356815,0.6304677800418119
tagw1240,atla1278,-2.303083716710173,1.437780426356568
taha1241,afro1255,2.0403881683517437,2.216108678736589
tahi1242,aust1307,-1.462578695779852,2.2865305082278558
taia1239,taia1239,-8.895208680573328,83.78665955018687
taji1246,aust1307,1.8543371220954936,1.031396246800739
taku1257,aust1307,-0.7766266516778391,0.9715105913179656
tali1259,aust1307,0.8868945383546976,0.5247024938007314
malo1243,aust1307,0.9758693724003074,0.3328408953252619
tama1365,afro1255,-0.4804186740671463,1.2894495519042408
tami1289,drav1251,-10.241008262684266,81.55009294959687
tane1237,aust1307,1.2843769054110616,0.7050034640839442
tang1377,sino1245,-6.1189075442651735,2.719371765458888
tang1348,aust1307,-0.9593398953004266,0.6900680990004986
tani1257,tuca1253,-10.077315404024125,76.70128002585943
tari1256,araw1281,-2.7326728352678966,2.2431631211958063
tari1263,afro1255,1.5397575728414452,1.8789087748044864
tata1258,otom1299,2.438837337125239,0.7814605948189239
tata1257,aust1307,2.411048445157988,1.3821880068152268
tata1255,turk1311,-10.062098654250152,66.6403472438122
taul1251,taul1250,-8.12708028729903,82.21065135888053
taus1253,taus1253,-8.070451229860177,84.64553226229104
taus1251,aust1307,2.131730196489622,1.2645416324898946
diga1241,sino1245,-4.222450564027064,2.5618509703324577
taya1257,afro1255,2.036635735518624,1.9560702407547692
tbol1240,aust1307,0.5472381167408003,0.7715211850585746
tean1237,aust1307,1.3050750891111402,0.6977708750670644
teda1241,saha1256,-1.4462358422799308,2.2390117265581466
tedi1235,sino1245,-4.103584106231562,2.144737930084318
tega1236,rash1249,2.1415958485756352,9.460099635544635
tehu1242,chon1288,-7.793325626650801,84.29509320698523
tekt1235,maya1287,2.2164343511377105,0.9798581434533844
temp1235,aust1307,2.1924645546426778,1.2301970734596068
tene1248,dogo1299,-10.55816809107644,81.24759450651212
tenn1246,surm1244,1.518255414602363,1.7944293396400326
teop1238,aust1307,-0.5596085969817954,0.6235441342057015
tera1251,afro1255,2.149882038761991,0.7977551960141511
teri1250,chib1249,-7.514481616795368,49.5124115536036
term1237,aust1307,-0.5132120037403576,0.8467216367910879
tern1247,nort2923,-8.044608009218262,75.62940437072378
tete1251,utoa1244,0.6350582185593456,1.1907325689117414
tezo1238,otom1299,2.2445660808556878,0.7620668466793603
thad1238,sino1245,-5.784566364917827,2.077216535339815
thak1245,sino1245,-7.525522970709474,3.7340295040580154
than1259,sino1245,-7.381684144425063,3.4845985552753262
thao1240,aust1307,0.7399351819931255,0.7361505308594047
thar1283,atla1278,0.6803791705527793,1.019631763044714
aheu1239,aust1305,2.40133292062783,1.1863825810836488
thul1246,sino1245,-5.5902477684684815,3.042423654410769
tibe1272,sino1245,-5.016886764287884,2.9271874583848643
ticu1245,ticu1244,-8.2088210022704,84.84978640502403
tief1242,atla1278,-2.2057448748931723,1.153202720325865
tief1244,atla1278,-2.1778007962058243,1.147315581572684
tien1242,atla1278,2.290060095020273,1.3829293425560962
tiga1245,aust1307,-0.4088445817516257,0.5874331083997646
tigo1236,atla1278,1.413050615227128,0.4957865253512636
tika1246,atla1278,1.635885146409089,0.6154827008465134
tiko1237,aust1307,0.6881577920541808,0.8578675791668218
timn1235,atla1278,-1.303384031330312,1.0966787792328605
maee1241,aust1307,1.0620139269026208,0.2824764927668326
tiri1258,aust1307,0.1280448887637311,0.5721725090052274
toab1237,aust1307,0.7889137969882398,0.4985502126037033
toar1246,nucl1580,-11.65026727964523,84.67587136772202
toba1268,leng1261,-8.940876236889293,85.94620175787537
tobe1252,nort2923,-8.196249129942123,75.67695432808094
toho1245,utoa1244,-2.989469164021874,2.410708307963958
tojo1241,maya1287,2.2515156761638497,1.0618628962987913
toke1240,aust1307,0.2714159937766673,1.6012310871303868
toll1241,jica1245,-6.222810953943658,73.68019542823275
tomm1242,dogo1299,-8.618735259796843,81.33155525366466
tond1249,song1307,-8.486690224648026,76.4027433931344
tong1325,aust1307,0.0697557783399274,1.6650406253556582
tong1318,atla1278,1.049231613062883,1.0960882247758263
toto1302,sino1245,-7.024820605649019,2.7868791244405173
trin1274,araw1281,-0.7430026654748385,1.812238563582099
trio1238,cari1283,-9.888759723030429,72.27955308507597
trum1247,trum1247,-7.689756955783714,83.60654537277021
colo1256,barb1265,-7.731066300706935,83.84612748486337
tsam1247,afro1255,-1.0507667326653296,0.9881337005307956
tsat1238,aust1307,-0.5849727981998916,1.5239138003279322
dido1241,nakh1245,-9.365476945723614,61.88877627283475
tsha1245,sino1245,-4.657901667598562,2.5319671762075444
tsix1234,khoe1240,-7.422935127819648,78.14312652211153
tsog1243,atla1278,2.1492553537857333,1.464061948832324
tson1249,atla1278,-0.8094885106627263,1.3313242946290416
tswa1255,atla1278,1.1109025797575691,1.3657917776762218
tswa1253,atla1278,1.3305713702748587,1.4505166840035884
tuca1252,tuca1253,-10.079422758156406,76.61356339248069
tuge1241,nilo1247,4.186823124142013,7.615904463158316
tugu1245,aust1307,-1.6773162204500045,0.8832564563001029
tuka1248,aust1307,0.2320212765553702,1.034067062022089
tuki1240,atla1278,2.101851745901893,0.7073179028846255
tula1252,atla1278,1.3461608304827308,0.700690559219936
tulu1258,drav1251,-10.448399462477749,81.4931227660273
nene1249,ural1272,-9.936038178129955,64.66756435264294
tune1261,atla1278,1.7406571415215364,0.604410325685464
tung1290,aust1307,-0.7384148672491788,0.7380042461104352
tunn1238,afro1255,-0.5332715848181042,1.6458093881087166
turk1303,turk1311,-6.178585082448405,65.10671360357362
nucl1301,turk1311,-9.129575520149093,66.1013639707844
turk1304,turk1311,-8.940915681062203,66.40922138731241
tusc1257,iroq1247,-7.580854267696568,78.73348508596125
tutu1241,aust1307,1.010711597066969,0.3360036527061112
tuva1244,aust1307,-1.397714733509174,1.9795510070655384
tuwa1243,aust1307,0.502525212763766,0.4117826085195872
tuwu1238,atla1278,-1.4322058907421482,0.9492807883390526
uuuu1243,aust1305,2.4636607891099302,1.2140728612379943
udii1243,nakh1245,-7.410201211680431,61.97551948538421
udih1248,tung1282,-9.410513229315452,81.6696367543044
ughe1237,aust1307,0.3040271744881924,0.5559401032901548
ukra1253,indo1319,-2.3634047873411417,2.6626931628576926
ulch1241,tung1282,-9.487367702940396,81.69719534073619
ulit1238,aust1307,1.1719969080885289,1.4410832759780732
ulwa1239,misu1242,-6.767421398716923,64.99917700998387
yaul1241,kera1258,-10.6305583076202,84.6885653970306
umaa1242,aust1307,1.3866149590683214,1.024206420864715
umbu1257,atla1278,1.0705242497064855,1.737193373251614
umbu1258,nucl1709,-9.483231267351178,76.56974349577604
umes1235,ural1272,-8.818060673605311,63.98874083015112
unua1237,aust1307,0.8163427312325151,0.2682536517960869
uppe1427,aust1307,2.400241556923511,1.273729555939525
uppe1275,toto1251,0.6635633539428234,1.5572797461032195
urak1238,aust1307,1.252289412286217,1.221738678982078
urar1246,urar1246,-9.79983022645554,86.5021488924372
urav1235,aust1307,1.1072031612979265,0.5586551673715547
urim1252,nucl1708,0.9197064654760804,1.3808413317667174
urip1239,aust1307,1.0281041120189105,0.275831008849039
utes1238,utoa1244,-3.06262297083568,3.088678393295609
pile1238,aust1307,0.7189575895909712,0.8032233571824037
veps1250,ural1272,-8.631949855908976,64.07106287052059
vera1241,aust1307,0.9516850583586488,0.5424189707302673
viem1243,atla1278,-2.184336146216692,1.137397770742936
viet1252,aust1305,1.4149265187412698,1.278648180717525
voti1245,ural1272,-8.86502422243835,63.7579904910766
vunj1238,atla1278,2.198993154182949,1.0211339954590386
vure1239,aust1307,0.895488384365084,0.5409933264781586
vwan1235,atla1278,0.780629009206546,0.7401845921594941
wage1238,wage1238,-8.624835758262535,84.88780907229963
waig1244,aust1307,-1.5972798167225992,1.3787472534726106
waim1251,aust1307,-2.8119705898278,1.208063393511864
waim1252,aust1307,-1.7763409614018624,0.8455793266348763
waiw1244,cari1283,-8.219243750105836,72.22335739167251
waja1257,pama1250,-3.3839901305971214,3.621092014302988
waka1274,pama1250,-3.4576656941846755,3.5550686402292087
wala1266,aust1307,0.928674304778312,0.4287216360369115
wamb1257,sino1245,-5.8096178575826665,3.1100382217197198
wand1278,afro1255,2.7787413137311,0.714186000391166
wand1267,aust1307,-1.5912290440950896,1.037555766032682
saka1289,aust1307,0.9864016776420126,0.4609951381004151
waor1240,waor1240,-7.921675633742301,84.31644179062471
wara1303,wara1303,-9.576737917629735,86.40080502143543
ware1255,araw1281,-2.650098008562952,2.191314142032411
ware1253,aust1307,-1.6754299714864151,1.1699516251441509
wari1268,chap1271,2.0695154439299746,9.003335774289283
warj1242,aust1305,1.6082651291785393,1.3248399008742524
waro1242,aust1307,-1.8071760578728735,1.0906101183662005
warr1255,pama1250,-3.518698368524194,3.054219590281818
waru1265,pama1250,-3.6059381813993854,3.1140894991899444
wawa1246,atla1278,0.9695711401520342,0.5882838655789726
waya1269,cari1283,-8.20687685884913,72.35040561002455
wayu1241,sino1245,-7.540434575537037,3.18759791331361
wayu1243,araw1281,-0.3738206368423515,2.1187151033399374
wels1247,indo1319,0.443672346074937,1.3544007788369328
west2560,aust1307,2.335525704278144,1.2677872463818003
west2548,aust1307,-1.7748073366975552,1.1424150088136855
west2441,pama1250,-3.677357195065383,3.18702984851204
west2397,aust1305,2.680199678055267,1.2039009811690704
west2618,eski1264,-8.002360356216982,78.04720569149065
west2650,aust1307,1.4934178882412985,1.502979443604744
west2594,nucl1709,-8.957562649158394,76.70566401920296
west2778,utoa1244,-0.3188048376820012,1.1231824425613155
west2369,indo1319,0.5522390448798689,1.7971765011068896
west2519,aust1307,-0.3985423792699238,1.2783406181524413
west2354,indo1319,-2.043022599523515,1.8193458293747256
west2644,otom1299,2.4911274720242997,0.7772723747900869
west2466,atla1278,-3.88491377530411,1.2227905013494222
west2632,kere1287,-8.59420165181694,85.3698005996863
west2396,aust1305,2.445494235745306,1.2442683915362664
west2418,sino1245,-7.587357361668637,3.694986251047226
west2763,afro1255,0.9061983587334126,1.2746129016535406
west2557,aust1307,1.0056720673437205,0.8653631314444254
west2415,sino1245,-7.529952384018097,3.45261541213479
sanj1284,otom1299,2.53641100675493,0.7607837344480259
west2430,hmon1336,-6.846929355371683,66.19869545170366
west2600,nort2923,-8.165320810886211,75.6429044051605
saka1291,aust1307,0.9138056783579528,1.9977581604687915
west2516,aust1307,0.6185478452833717,0.6331511099702283
whit1269,aust1307,0.9924898487278035,0.5019704951831727
wikm1247,pama1250,-2.5498189270234146,2.477027539772408
wiru1244,wiru1244,-11.175982305899762,84.92927147318251
woii1237,aust1307,-1.693768133969468,1.097386811221881
wola1253,afro1255,-2.905973627316915,1.511794903815428
wola1242,gong1255,-10.99962330610343,79.41957212560445
wole1240,aust1307,0.5716760825729565,1.3711323092069565
wood1236,algi1248,-8.29006771832601,69.2842642703744
wotu1240,aust1307,1.4395210923805308,1.0398209220831802
wuch1236,sino1245,-4.609083483607947,4.132146768714918
wudi1238,sino1245,-3.868705287792249,2.297422182759433
wuna1249,worr1236,-8.309963938188119,81.04165594196056
wusa1235,sino1245,-5.61543117075249,2.3206221853246234
wutu1241,sino1245,-5.985243630821744,3.785955502154352
wuvu1239,aust1307,-0.3206186958126729,1.0348234655933766
xamt1239,afro1255,-1.069593581000567,1.388337224297274
xara1244,aust1307,0.1695783420364529,0.5648728924612527
xava1240,nucl1710,-7.812305168093975,71.87837872562879
xhos1239,atla1278,0.7754274294723498,1.6337895732652186
xish1235,sino1245,-5.413934211107237,2.1569728024398103
xokl1240,nucl1710,-7.825255151479448,72.43297273177296
yaak1241,afro1255,0.9856999872045602,1.0678166996102334
yaey1239,japo1237,-8.342192684726673,77.88485437653479
yagu1244,peba1241,-8.194834339968684,84.82800970524086
yaka1272,atla1278,3.0772433481329795,1.2282653032479516
yaka1277,aust1307,1.4474628544155674,0.9111054312728442
yakk1236,sino1245,-5.546371858475126,2.9816463176833423
yako1252,atla1278,1.7065048985955844,0.8620308025295742
yale1246,yale1246,-8.555447952498948,83.65182282148473
yama1264,yama1264,-7.838332780939173,84.42847113967711
yami1254,aust1307,0.482862956448411,0.8679258959915188
yami1256,pano1259,-8.37859792200631,62.41650349653472
yamp1242,sino1245,-7.375517779847523,3.1239584894562853
yand1253,pama1250,-3.617338609222029,3.4966657537926267
yane1238,araw1281,-2.6872541666206704,2.35778059899296
yank1247,pama1250,-3.65699863024839,3.3770729709430043
yano1262,yano1268,-8.174230830479924,79.1084571899001
yano1261,yano1268,-8.27109832629982,78.98598567742087
yaoo1241,atla1278,1.7850321457633689,1.3495173176434463
yape1248,aust1307,1.1625592735280037,1.4438260424566352
yaqu1251,utoa1244,-2.8777372331169744,2.1315032471768944
yare1248,yare1250,-9.87350354693876,84.46344654736862
yasa1242,atla1278,2.3840338214200862,1.0501022462959495
yatz1235,otom1299,2.502746588397322,0.8391542620898207
yaum1237,nucl1709,-10.119087189578142,76.09495044286064
yawu1244,nyul1248,-7.993081598466944,83.75692175011736
maqu1238,cari1283,-8.169756171070496,72.05768520877419
yele1255,yele1255,-8.441934109878176,83.59562149955819
yems1235,gong1255,-9.282467016206578,79.50774426867063
yapu1240,nucl1708,0.8915098388669094,1.3117778604116666
yidi1250,pama1250,-3.5225815032558607,2.93959077263024
yind1247,pama1250,-3.1754534472252613,2.920709165291285
yoga1237,aust1307,0.8518801012907105,0.5035692290082494
yona1241,japo1237,-8.230611411565386,77.64616638497239
yong1280,nucl1709,-9.01474986974734,77.01470665575141
yora1241,pano1259,-8.339957096063726,62.31785160071466
youl1235,sino1245,-3.4681500590338583,2.006561964757978
youn1235,hmon1336,-8.311229323285353,66.0598573849763
yuca1254,maya1287,1.76798803519163,1.8400059577579952
yucu1253,araw1281,-2.6920718917279656,2.426420714857869
yuec1235,sino1245,-4.854994472097213,3.4018003941266386
yulu1243,cent2225,1.4863340684187083,1.314193148084584
yura1255,yura1255,-6.652919797516583,77.6863685273781
gami1243,pama1250,-3.571082159683775,3.473880933002178
zaba1237,aust1307,0.3407815816259081,0.5893321083059533
zaca1242,otom1299,2.4775146648618573,0.8331640146176369
zaca1241,utoa1244,0.5779355757971629,0.982575554320448
zamb1245,atla1278,3.1326699816282417,1.0295119562964743
zani1235,otom1299,2.4530014399103006,0.7056553961140679
zarm1239,song1307,-7.914127260124008,76.57987249716933
zays1235,gong1255,-10.923208850500613,79.29567554027707
zenz1235,otom1299,2.438109978245091,0.7237391461881799
zinz1238,atla1278,1.4515523707141875,1.0916041845086824
zoog1238,otom1299,2.51112202529389,0.8186077893640373
zulg1242,afro1255,2.524895529791646,0.6354661729750433
